"ISO_Alpha_3","Names1","Names1_log","Names2","Names2_log","hdi_2018","Learning_outcomes_2015","GDP_2019","CPI_2020","Pop_2018"
"USA",7089,8.86629956585502,25079,10.1297861215436,"0.926",529.09,21433226,67,327096.265
"CHN",4308,8.36822903827628,6510,8.78109473520261,"0.761",554.72,14342933.96,42,1427647.786
"AUS",3468,8.15133333790043,6875,8.83564692253477,"0.944",509.22,1380207.833,77,24898.152
"BRA",3017,8.01201823915906,3935,8.2776661608515,"0.765",408.76,1847795.847,38,209469.323
"IND",2421,7.79193595693806,2639,7.87815533650332,"0.645",NA,2891582.351,40,1352642.28
"GBR",2119,7.6586995582683,10323,9.24212969446559,"0.932",515.8,2826441.791,77,67141.684
"MLI",1782,7.48549160803075,435,6.07534603108868,"0.434",NA,17432.62928,30,19077.749
"MEX",1774,7.48099216286952,2158,7.67693714581808,"0.779",443.36,1256440.91,31,126190.788
"CAN",1684,7.42892719480227,5815,8.66819606495276,"0.929",519.69,1741496.79,77,37074.562
"ZAF",1579,7.36454701425564,2278,7.73105314400713,"0.709",374.06,351430.9912,44,57792.518
"ESP",1549,7.34536484041687,4421,8.39412119382624,"0.904",504.83,1393490.525,62,46692.858
"DEU",1172,7.06646697013696,7277,8.89247396834709,"0.947",524.26,3861123.558,80,83124.418
"ITA",1099,7.00215595440362,3496,8.15937473677543,"0.892",500.75,2003576.145,53,60627.291
"JPN",1012,6.91968384984741,2095,7.64730883235624,"0.919",590.89,5082465.811,74,127202.192
"NZL",990,6.89770494312864,1513,7.32184971378836,"0.931",492.69,206768.6733,88,4743.131
"SWE",933,6.83840520084734,2901,7.9728107841214,"0.945",509.15,530883.869,85,9971.638
"FRA",879,6.77878489768518,5328,8.58073121222023,"0.901",499.18,2715518.274,69,64990.511
"NOR",834,6.72623340235875,1540,7.33953769540767,"0.957",530.48,403336.3636,84,5337.962
"KEN",701,6.55250788703459,841,6.73459165997295,"0.601",NA,95501.87298,31,51392.565
"FIN",697,6.54678541076052,1983,7.5923661285198,"0.938",531.13,269296.3102,85,5522.576
"OMN",690,6.5366915975913,986,6.89365635460264,"0.813",414.85,76331.51867,54,4829.473
"IDN",675,6.51471269087253,686,6.53087762772588,"0.718",396.71,1119190.784,37,267670.543
"POL",610,6.41345895716736,1373,7.22475340576797,"0.88",528.84,595862.0869,56,37921.592
"ARG",604,6.40357419793482,1041,6.94793706861497,"0.845",429.38,449663.5248,42,44361.15
"CRI",599,6.39526159811545,334,5.8111409929767,"0.81",422.54,61773.94463,57,4999.441
"PER",591,6.3818160174061,453,6.11589212548303,"0.777",419.49,226850.3928,38,31989.26
"CHL",568,6.34212141872115,808,6.69456205852109,"0.851",455.97,282318.1597,67,18729.16
"NLD",519,6.25190388316589,3483,8.155649270366,"0.944",530.27,907050.8631,82,17059.56
"TUR",514,6.24222326545517,694,6.5424719605068,"0.82",470.39,761425.5922,40,82340.088
"ETH",499,6.21260609575152,433,6.07073772800249,"0.485",NA,92750.11782,38,109224.414
"PRT",488,6.19031540585315,1497,7.31121838441963,"0.864",525.21,238785.085,61,10256.193
"MYS",478,6.16961073249146,657,6.48768401848461,"0.81",474.05,364684.1369,51,31528.033
"CUB",476,6.16541785423142,111,4.70953020131233,"0.783",NA,105354.9432,47,11338.134
"IRL",471,6.15485809401642,780,6.65929391968364,"0.955",535.42,398590.1866,72,4818.69
"NPL",470,6.1527326947041,318,5.76205138278018,"0.602",NA,30714.93474,33,28095.714
"IRN",458,6.12686918411419,1146,7.04403289727469,"0.783",433.92,603779.5565,25,81800.188
"CHE",446,6.10031895202006,2861,7.95892649305011,"0.955",543.83,731425.4712,85,8525.611
"GRC",419,6.03787091992214,828,6.71901315438526,"0.888",477.87,205326.7346,50,10522.246
"PHL",400,5.99146454710798,397,5.98393628068719,"0.718",NA,359354.4378,34,106651.394
"ECU",394,5.97635090929793,399,5.98896141688986,"0.759",414.71,107435.665,39,17084.358
"THA",391,5.96870755998537,472,6.15697898558556,"0.777",440.25,542016.9892,36,69428.453
"VNM",390,5.96614673912369,357,5.87773578177964,"0.704",520.04,261921.2292,36,95545.962
"NER",386,5.95583736946483,318,5.76205138278018,"0.394",NA,12927.65499,32,22442.822
"MDG",362,5.89164421182577,204,5.31811999384422,"0.528",NA,14104.66468,25,26262.313
"COL",358,5.8805329864007,586,6.37331978957701,"0.767",413.67,323802.8081,39,49661.048
"GIN",353,5.8664680569333,119,4.77912349311153,"0.477",NA,12354.40127,28,12414.293
"TZA",352,5.8636311755981,575,6.35437004079735,"0.529",NA,62942.61444,38,56313.438
"BGD",349,5.85507192220243,308,5.73009978297357,"0.632",NA,301051.1018,26,161376.708
"MNG",348,5.85220247977447,202,5.30826769740121,"0.737",NA,13852.85027,35,3170.216
"UGA",328,5.79301360838414,271,5.6021188208797,"0.544",NA,32609.11959,27,42729.036
"PAK",317,5.75890177387728,412,6.02102334934953,"0.557",NA,256996.3478,31,212228.286
"GHA",303,5.71373280550937,288,5.66296048013595,"0.611",NA,66999.25805,43,29767.102
"ISR",292,5.67675380226828,728,6.59030104819669,"0.919",514.24,395098.6021,60,8381.516
"AUT",289,5.66642668811243,1265,7.14282740116162,"0.922",519.54,445075.3917,76,8891.388
"PAN",285,5.65248918026865,404,6.00141487796115,"0.815",368.96,66787.86684,35,4176.869
"CMR",282,5.64190707093811,239,5.47646355193151,"0.563",NA,38861.36203,25,25216.267
"RUS",280,5.63478960316925,707,6.56103066589657,"0.824",551.63,1692930.151,30,145734.038
"BEL",275,5.61677109766657,1764,7.47533923656674,"0.931",529.11,533097.4558,76,11482.178
"CZE",260,5.56068163101553,1169,7.06390396147207,"0.9",516.2,250680.5045,54,10665.677
"NGA",260,5.56068163101553,267,5.58724865840025,"0.539",NA,474516.65,25,195874.683
"ATA",251,5.52545293913178,29,3.36729582998647,NA,NA,NA,NA,NA
"DNK",247,5.50938833662798,1696,7.43602781635185,"0.94",534.18,350104.3277,88,5752.126
"HUN",221,5.39816270151775,553,6.31535800152233,"0.854",522.5,163469.0429,44,9707.499
"BOL",217,5.37989735354046,170,5.13579843705026,"0.718",NA,40895.32284,31,11353.142
"COG",215,5.37063802812766,120,4.78749174278205,"0.574",NA,12397.37111,19,5244.359
"GEO",210,5.34710753071747,777,6.65544035036765,"0.812",459.68,17742.9347,56,4002.942
"ROU",209,5.34233425196481,335,5.81413053182507,"0.828",469.42,250075.9688,44,19506.114
"EGY",193,5.26269018890489,171,5.14166355650266,"0.707",397.83,317359.2932,33,98423.598
"HKG",186,5.2257466737132,433,6.07073772800249,"0.949",605.4,365710.755,77,7371.73
"EST",180,5.19295685089021,442,6.0913098820777,"0.892",542.42,31471.10066,75,1322.92
"ZWE",177,5.17614973257383,169,5.12989871492307,"0.571",NA,21440.75884,24,14438.802
"PRI",176,5.17048399503815,164,5.0998664278242,NA,396.29,104988.586,NA,3039.596
"KOR",163,5.09375020080676,626,6.4393503711001,"0.916",607.23,1646539.43,61,51171.706
"LKA",161,5.08140436498446,156,5.04985600724954,"0.782",NA,84008.77393,38,21228.763
"MWI",146,4.98360662170834,103,4.63472898822964,"0.483",NA,8099.266794,30,18143.217
"SEN",136,4.91265488573605,78,4.35670882668959,"0.512",NA,23664.51507,45,15854.323
"SVK",134,4.89783979995091,277,5.62401750618734,"0.86",495.32,105079.673,49,5453.014
"BEN",131,4.87519732320115,155,5.04342511691925,"0.545",NA,14403.22012,41,11485.044
"JEY",131,4.87519732320115,98,4.58496747867057,NA,NA,NA,NA,NA
"BFA",128,4.85203026391962,102,4.62497281328427,"0.452",NA,15990.80321,40,19751.466
"SGP",127,4.84418708645859,423,6.04737217904628,"0.938",619.17,372073.8917,85,5757.499
"SDN",123,4.81218435537242,61,4.11087386417331,"0.51",NA,34895.36208,16,41801.533
"PNG",122,4.80402104473326,43,3.76120011569356,"0.555",NA,24969.70315,27,8606.323
"KHM",120,4.78749174278205,104,4.64439089914137,"0.594",NA,27097.96382,21,16249.792
"GUF",115,4.74493212836325,68,4.21950770517611,NA,NA,NA,NA,282.938
"MOZ",115,4.74493212836325,65,4.17438726989564,"0.456",NA,15296.74515,25,29496.004
"MAR",111,4.70953020131233,116,4.75359019110636,"0.686",380.75,119700.6229,40,36029.093
"NCL",109,4.69134788222914,127,4.84418708645859,NA,NA,9879.709561,NA,279.993
"VEN",108,4.68213122712422,132,4.88280192258637,"0.711",NA,134960.2885,15,28887.118
"SVN",105,4.65396035015752,248,5.51342874616498,"0.917",518.04,54174.22731,60,2077.837
"NAM",103,4.63472898822964,93,4.53259949315326,"0.646",NA,12366.27969,51,2448.301
"HRV",102,4.62497281328427,197,5.28320372873799,"0.851",491.55,60415.17386,47,4156.405
"URY",102,4.62497281328427,143,4.96284463025991,"0.817",445.45,56045.9527,71,3449.285
"TUN",100,4.60517018598809,131,4.87519732320115,"0.74",384.12,38797.40893,44,11565.201
"GRL",97,4.57471097850338,59,4.07753744390572,NA,NA,3023.601252,NA,56.564
"NIC",88,4.47733681447821,50,3.91202300542815,"0.66",365.66,12520.88529,22,6465.501
"FJI",87,4.46590811865458,91,4.51085950651685,"0.743",NA,5504.448601,NA,883.483
"SRB",86,4.45434729625351,175,5.16478597392351,"0.806",512.22,51475.03691,38,8802.754
"BGR",85,4.44265125649032,147,4.99043258677874,"0.816",490.67,67925.56942,44,7051.608
"ZMB",85,4.44265125649032,78,4.35670882668959,"0.584",NA,23085.06114,33,17351.708
"BLZ",84,4.43081679884331,37,3.61091791264422,"0.716",NA,1879.616778,NA,383.071
"JOR",83,4.4188406077966,439,6.08449941307517,"0.729",387.01,44502.8169,49,9965.318
"BWA",81,4.39444915467244,89,4.48863636973214,"0.735",398.47,18340.57337,60,2254.068
"MMR",80,4.38202663467388,61,4.11087386417331,"0.583",NA,76784.53394,28,53708.32
"PRY",78,4.35670882668959,26,3.25809653802148,"0.728",366.83,38086.70771,28,6956.066
"GAB",75,4.31748811353631,53,3.97029191355212,"0.703",NA,16887.88874,30,2119.275
"DZA",73,4.29045944114839,71,4.26267987704132,"0.748",375.14,171157.8631,36,42228.408
"LTU",72,4.27666611901606,154,5.03695260241363,"0.882",523.24,54627.41186,60,2801.264
"ISL",67,4.20469261939097,115,4.74493212836325,"0.949",511.8,24188.03572,75,336.713
"AIA",65,4.17438726989564,13,2.56494935746154,NA,NA,379.58436,NA,14.731
"GTM",62,4.12713438504509,34,3.52636052461616,"0.663",389.02,76710.40253,25,17247.849
"UKR",62,4.12713438504509,110,4.70048036579242,"0.779",NA,153781.1326,33,44246.156
"PYF",60,4.0943445622221,16,2.77258872223978,NA,NA,6023.367689,NA,277.679
"SAU",60,4.0943445622221,183,5.20948615284142,"0.854",375.6,792966.9567,53,33702.756
"RWA",55,4.00733318523247,38,3.63758615972639,"0.543",NA,10355.25071,54,12301.97
"BTN",53,3.97029191355212,50,3.91202300542815,"0.654",NA,2564.460096,68,754.388
"GMB",50,3.91202300542815,12,2.484906649788,"0.496",NA,1822.863404,37,2280.094
"JAM",50,3.91202300542815,40,3.68887945411394,"0.734",NA,15830.76637,44,2934.847
"HND",49,3.89182029811063,25,3.2188758248682,"0.634",NA,25095.35563,24,9587.522
"SYC",49,3.89182029811063,31,3.43398720448515,"0.796",NA,1698.865195,66,97.096
"GUY",48,3.87120101090789,29,3.36729582998647,"0.682",NA,5173.760192,41,779.006
"TGO",47,3.85014760171006,28,3.3322045101752,"0.515",NA,7270.01341,29,7889.093
"CYP",46,3.8286413964891,68,4.21950770517611,"0.887",518,24565.30085,57,1189.265
"LBN",46,3.8286413964891,65,4.17438726989564,"0.744",454.42,53367.04227,25,6859.408
"BHS",45,3.80666248977032,29,3.36729582998647,"0.814",NA,13578.8,63,385.637
"SLB",45,3.80666248977032,34,3.52636052461616,"0.567",NA,1302.683941,42,652.857
"AGO",42,3.73766961828337,20,2.99573227355399,"0.581",NA,85000.61246,27,30809.787
"TON",42,3.73766961828337,40,3.68887945411394,"0.725",NA,508.414689,NA,103.197
"LVA",41,3.71357206670431,72,4.27666611901606,"0.866",508.22,34102.91358,57,1928.459
"SWZ",40,3.68887945411394,36,3.58351893845611,"0.611",NA,4594.332076,33,1136.281
"ALB",39,3.66356164612965,25,3.2188758248682,"0.795",436.73,15278.07276,36,2882.74
"IRQ",39,3.66356164612965,21,3.04452243772342,"0.674",NA,225232.3736,21,38433.6
"TCD",38,3.63758615972639,397,5.98393628068719,"0.398",NA,11271.66391,21,15477.729
"AFG",37,3.61091791264422,21,3.04452243772342,"0.511",NA,17876.54643,19,37171.921
"GIB",37,3.61091791264422,4,1.38629436111989,NA,NA,NA,NA,33.718
"MUS",35,3.55534806148941,40,3.68887945411394,"0.804",NA,14180.4379,53,1267.185
"SUR",35,3.55534806148941,16,2.77258872223978,"0.738",NA,3697.313623,38,575.99
"WSM",35,3.55534806148941,25,3.2188758248682,"0.715",NA,844.656299,NA,196.129
"DMA",32,3.46573590279973,21,3.04452243772342,"0.742",NA,582.4,55,71.625
"SLE",30,3.40119738166216,18,2.89037175789616,"0.452",NA,4121.733685,33,7650.15
"KAZ",29,3.36729582998647,27,3.29583686600433,"0.825",536.11,181667.185,38,18319.618
"CPV",27,3.29583686600433,14,2.63905732961526,"0.665",NA,1981.846171,58,543.767
"BMU",26,3.25809653802148,11,2.39789527279837,NA,NA,7361.2,NA,62.756
"BRB",26,3.25809653802148,22,3.09104245335832,"0.814",NA,5209.204817,64,286.641
"GNQ",26,3.25809653802148,9,2.19722457733622,"0.592",NA,11024.71831,16,1308.975
"GUM",26,3.25809653802148,43,3.76120011569356,NA,NA,NA,NA,165.768
"KWT",26,3.25809653802148,30,3.40119738166216,"0.806",372.3,134623.5928,42,4137.312
"ARE",23,3.13549421592915,9,2.19722457733622,"0.89",460.49,421142.2679,71,9630.959
"LBR",23,3.13549421592915,11,2.39789527279837,"0.48",NA,2582.242493,28,4818.973
"YEM",23,3.13549421592915,21,3.04452243772342,"0.47",NA,24935.39164,15,28498.683
"CAF",22,3.09104245335832,6,1.79175946922805,"0.397",NA,2220.306447,26,4666.368
"MLT",22,3.09104245335832,39,3.66356164612965,"0.895",498,14863.59891,53,439.248
"ARM",21,3.04452243772342,17,2.83321334405622,"0.776",NA,13672.80134,49,2951.745
"MNE",21,3.04452243772342,39,3.66356164612965,"0.829",441.38,5542.201626,45,627.809
"LSO",20,2.99573227355399,8,2.07944154167984,"0.527",NA,2460.074277,41,2108.328
"MRT",20,2.99573227355399,13,2.56494935746154,"0.546",NA,7593.745551,29,4403.313
"SLV",20,2.99573227355399,12,2.484906649788,"0.673",NA,27022.64,36,6420.746
"VUT",20,2.99573227355399,11,2.39789527279837,"0.609",NA,906.666071,43,292.68
"ASM",19,2.94443897916644,4,1.38629436111989,NA,NA,NA,NA,55.465
"LUX",19,2.94443897916644,79,4.36944785246702,"0.916",508.88,71104.91911,80,604.245
"MDV",19,2.94443897916644,7,1.94591014905531,"0.74",NA,5642.163793,43,515.696
"PLW",19,2.94443897916644,20,2.99573227355399,"0.826",NA,280.429406,NA,17.907
"BIH",18,2.89037175789616,7,1.94591014905531,"0.78",NA,20164.35007,35,3323.925
"KGZ",18,2.89037175789616,20,2.99573227355399,"0.697",NA,8454.619608,31,6304.03
"QAT",18,2.89037175789616,34,3.52636052461616,"0.848",438.9,183466.2088,63,2781.682
"DOM",16,2.77258872223978,3,1.09861228866811,"0.756",337.71,88941.37198,28,10627.141
"HTI",16,2.77258872223978,8,2.07944154167984,"0.51",NA,8051.188114,18,11123.178
"BDI",15,2.70805020110221,11,2.39789527279837,"0.433",NA,3002.350447,19,11175.374
"BLR",15,2.70805020110221,17,2.83321334405622,"0.823",NA,63080.96058,47,9452.617
"GLP",15,2.70805020110221,30,3.40119738166216,NA,NA,NA,NA,399.848
"TJK",15,2.70805020110221,6,1.79175946922805,"0.668",NA,8333.110653,25,9100.835
"CXR",14,2.63905732961526,4,1.38629436111989,NA,NA,NA,NA,NA
"MTQ",14,2.63905732961526,22,3.09104245335832,NA,NA,NA,NA,375.673
"PCN",14,2.63905732961526,5,1.6094379124341,NA,NA,NA,NA,NA
"AZE",13,2.56494935746154,11,2.39789527279837,"0.756",NA,48047.64706,30,9949.537
"SOM",13,2.56494935746154,2,0.693147180559945,NA,NA,1626.302864,12,15008.226
"ERI",12,2.484906649788,7,1.94591014905531,"0.459",NA,1981.857048,21,3452.786
"LAO",12,2.484906649788,2,0.693147180559945,"0.613",NA,18822.59475,29,7061.507
"MYT",12,2.484906649788,12,2.484906649788,NA,NA,NA,NA,259.531
"COK",11,2.39789527279837,4,1.38629436111989,NA,NA,379.097592,NA,17.518
"PRK",11,2.39789527279837,1,0,NA,NA,16331.45231,18,25549.604
"COM",10,2.30258509299405,8,2.07944154167984,"0.554",NA,1165.840745,21,832.322
"IMN",10,2.30258509299405,3,1.09861228866811,NA,NA,NA,NA,84.077
"BHR",9,2.19722457733622,9,2.19722457733622,"0.852",452.36,38574.06915,42,1569.446
"FRO",9,2.19722457733622,8,2.07944154167984,NA,NA,NA,NA,48.497
"KIR",9,2.19722457733622,4,1.38629436111989,"0.63",NA,194.866652,NA,115.847
"TTO",9,2.19722457733622,4,1.38629436111989,"0.796",438.75,23208.52823,40,1389.843
"UZB",9,2.19722457733622,10,2.30258509299405,"0.72",NA,57921.28567,26,32476.244
"AND",8,2.07944154167984,18,2.89037175789616,"0.868",NA,3154.137481,NA,77.006
"BRN",8,2.07944154167984,43,3.76120011569356,"0.838",NA,13469.24015,60,428.963
"STP",8,2.07944154167984,5,1.6094379124341,"0.625",NA,421.777679,47,211.028
"GRD",7,1.94591014905531,9,2.19722457733622,"0.779",NA,1211.618519,53,111.454
"MAC",7,1.94591014905531,42,3.73766961828337,NA,561.9,53859.31452,NA,631.636
"MHL",6,1.79175946922805,NA,NA,"0.704",NA,237.408066,NA,58.413
"TCA",6,1.79175946922805,NA,NA,NA,NA,1197.42,NA,37.665
"ABW",5,1.6094379124341,2,0.693147180559945,NA,NA,3293.04581,NA,105.845
"ANT",5,1.6094379124341,4,1.38629436111989,NA,NA,NA,NA,277.483
"CYM",5,1.6094379124341,6,1.79175946922805,NA,NA,6020.184081,NA,64.174
"NIU",5,1.6094379124341,1,0,NA,NA,NA,NA,1.62
"BVT",4,1.38629436111989,NA,NA,NA,NA,NA,NA,NA
"CCK",4,1.38629436111989,NA,NA,NA,NA,NA,NA,NA
"DJI",4,1.38629436111989,1,0,"0.524",NA,3166.329057,27,958.923
"ESH",3,1.09861228866811,NA,NA,NA,NA,NA,NA,567.402
"LCA",3,1.09861228866811,1,0,"0.759",NA,2122.451852,56,181.889
"MSR",3,1.09861228866811,77,4.34380542185368,NA,NA,67.288889,NA,4.993
"NRU",3,1.09861228866811,1,0,NA,NA,132.846561,NA,10.67
"TKM",3,1.09861228866811,1,0,"0.715",NA,48276.46671,19,5850.901
"GGY",2,0.693147180559945,1,0,NA,NA,NA,NA,NA
"MNP",2,0.693147180559945,2,0.693147180559945,NA,NA,NA,NA,56.882
"IOT",1,0,2,0.693147180559945,NA,NA,NA,NA,NA
"LIE",1,0,17,2.83321334405622,"0.919",NA,6797.776288,NA,37.91
"MCO",1,0,50,3.91202300542815,NA,NA,7423.907159,NA,38.682
"NFK",1,0,NA,NA,NA,NA,NA,NA,NA
"SJM",1,0,NA,NA,NA,NA,NA,NA,NA
"TUV",1,0,1,0,NA,NA,47.003262,NA,11.508
"VCT",1,0,NA,NA,"0.738",NA,825.385185,59,110.211
"WLF",1,0,NA,NA,NA,NA,NA,NA,11.661
"SMR",NA,NA,5,1.6094379124341,NA,NA,1602.030114,NA,33.785
"SGS",NA,NA,2,0.693147180559945,NA,NA,NA,NA,NA
"ATG",NA,NA,NA,NA,"0.778",NA,1661.962963,NA,96.286
"CIV",NA,NA,NA,NA,"0.538",NA,58539.60623,36,25069.23
"COD",NA,NA,NA,NA,"0.48",NA,47319.6236,18,84068.091
"FSM",NA,NA,NA,NA,"0.62",NA,414.334298,NA,112.64
"GNB",NA,NA,NA,NA,"0.48",NA,1322.269762,19,1874.303
"KNA",NA,NA,NA,NA,"0.779",NA,1050.992593,NA,52.441
"LBY",NA,NA,NA,NA,"0.724",NA,32600.10248,17,6678.559
"MDA",NA,NA,NA,NA,"0.75",443.29,11955.45662,34,4051.944
"MKD",NA,NA,NA,NA,"0.774",389,12694.82339,35,2082.957
"PSE",NA,NA,NA,NA,"0.708",NA,17058.7,NA,4862.979
"SSD",NA,NA,NA,NA,"0.433",NA,4959.75692,12,10975.927
"SYR",NA,NA,NA,NA,"0.567",NA,20379.23255,14,16945.057
"TLS",NA,NA,NA,NA,"0.606",NA,2017.924924,40,1267.974
"TWN",NA,NA,NA,NA,NA,597.75,NA,65,23726.46
"VGB",NA,NA,NA,NA,NA,NA,1296.954245,NA,29.802
"CUW",NA,NA,NA,NA,NA,NA,3101.787709,NA,162.752
"SXM",NA,NA,NA,NA,NA,NA,1009,NA,41.94
"KSV",NA,NA,NA,NA,NA,NA,NA,36,NA
"FLK",NA,NA,NA,NA,NA,NA,NA,NA,3.234
"VAT",NA,NA,NA,NA,NA,NA,NA,NA,0.801
"REU",NA,NA,NA,NA,NA,NA,NA,NA,882.526
"SHN",NA,NA,NA,NA,NA,NA,NA,NA,6.035
"SPM",NA,NA,NA,NA,NA,NA,NA,NA,5.849
"TKL",NA,NA,NA,NA,NA,NA,NA,NA,1.319
"VIR",NA,NA,NA,NA,NA,NA,NA,NA,104.68
"CHI",NA,NA,NA,NA,NA,NA,NA,NA,170.499
"BES",NA,NA,NA,NA,NA,NA,NA,NA,25.711
"MAF",NA,NA,NA,NA,NA,NA,NA,NA,37.264
"BLM",NA,NA,NA,NA,NA,NA,NA,NA,9.816
